{"coef_": [[-0.2350914896812443, 0.29486437709096336, -0.028353657011897515, -0.08474336133916169, 1.0384975945051598, 0.19269579523690067, -0.17730669908104604, -0.10145716683462765, -0.2705037263622922, -0.30486298778558807, -0.5676345377282983, 0.18755630286996267, -0.46512062309074814, -0.2857408516256746, -0.5927215624779572, -0.26423060659574055, -0.14402822009443905, -0.04842134703461718, -0.07378696837078787, 0.006189135963641616, -0.20687438911794687, 0.23554394752173932, 0.3325872769236731, -0.0903143536504283, 0.20486329959926924, -0.009957421214671627, -0.12474521057933512, -0.20375375688236422, -0.057487560740933176, 0.17094424340500833]], "intercept_": [-6.437601412485724], "classes_": [0, 1]}