{"mean_": [94726.07608681341, 0.0001904696349228983, -0.002479574557962316, 0.0030506618005831337, -0.0007099476173714783, -0.001236130099399511, -0.0017175860558339554, 0.0006498730810805277, 0.00038086835086227535, 0.00044406866147785507, -0.0005671136716316733, 0.002047801323903083, -0.00035960955254047794, 0.00015212842411859643, 0.00014256154208547282, -0.0005260555021777453, 5.728494372974913e-06, -0.000373642523463364, -0.0012352521391052283, -0.0005798643813177658, -0.00015128635089567822, 0.0002485402485734334, -0.00021865296746265706, 0.0001407563844235183, -0.0006571722129064732, -0.00020774568729039792, -0.00032116791115746813, -3.825581159630768e-05, -0.00018788002519324614, 88.54565551142221], "scale_": [47498.60052462541, 1.9582578503301318, 1.6564816921428096, 1.5099514715583322, 1.4154896878710048, 1.3673653067216827, 1.3254092503474721, 1.2156704209246012, 1.1767788859008728, 1.0986684273044582, 1.0859953623477134, 1.0220617349982872, 1.0027513709645552, 0.9951954163031683, 0.9595419265688798, 0.9149374817015562, 0.877125907679586, 0.8534509638398357, 0.8397965833532033, 0.8140471600332737, 0.7678339756298332, 0.7282323026892885, 0.7249696150036637, 0.6267968041143683, 0.605844632347633, 0.5212238087752754, 0.4826565394932872, 0.3997830428015037, 0.32959499065580483, 246.75909242179532], "var_": [2256117051.7979455, 3.8347738083795884, 2.743931596404306, 2.279953446461173, 2.003611056469155, 1.8696878820260814, 1.756709680906648, 1.4778545723109968, 1.3848085463020992, 1.2070723131556518, 1.1793859270407412, 1.0446101901477092, 1.005510311971295, 0.9904139166308364, 0.9207207088435175, 0.8371105954223855, 0.7693498579227376, 0.7283785476791445, 0.7052583014117138, 0.6626727787582383, 0.5895690141315154, 0.5303222866801435, 0.5255809426785605, 0.3928742336479858, 0.3670477185444386, 0.2716742588342049, 0.2329573351156351, 0.15982648131162894, 0.10863285786540006, 60890.04969282812], "n_features_in_": 30}