{"mean": [94726.07608681341, 0.0001904696349228983, -0.002479574557962316, 0.0030506618005831337, -0.0007099476173714783, -0.001236130099399511, -0.0017175860558339554, 0.0006498730810805277, 0.00038086835086227535, 0.00044406866147785507, -0.0005671136716316733, 0.002047801323903083, -0.00035960955254047794, 0.00015212842411859643, 0.00014256154208547282, -0.0005260555021777453, 5.728494372974913e-06, -0.000373642523463364, -0.0012352521391052283, -0.0005798643813177658, -0.00015128635089567822, 0.0002485402485734334, -0.00021865296746265706, 0.0001407563844235183, -0.0006571722129064732, -0.00020774568729039792, -0.00032116791115746813, -3.825581159630768e-05, -0.00018788002519324614, 88.54565551142221], "scale": [47498.60052462541, 1.9582578503301318, 1.6564816921428096, 1.5099514715583322, 1.4154896878710048, 1.3673653067216827, 1.3254092503474721, 1.2156704209246012, 1.1767788859008728, 1.0986684273044582, 1.0859953623477134, 1.0220617349982872, 1.0027513709645552, 0.9951954163031683, 0.9595419265688798, 0.9149374817015562, 0.877125907679586, 0.8534509638398357, 0.8397965833532033, 0.8140471600332737, 0.7678339756298332, 0.7282323026892885, 0.7249696150036637, 0.6267968041143683, 0.605844632347633, 0.5212238087752754, 0.4826565394932872, 0.3997830428015037, 0.32959499065580483, 246.75909242179532]}