epoch,loss,accuracy,roc_auc
1,0.019343963453257233,0.9992041338225569,0.9356995226480851
2,0.008145598307711794,0.999426508195666,0.9752633463597297
3,0.007381283031327963,0.999420656238479,0.9761428963747723
4,0.006748400151069933,0.9994382121100402,0.985778740174066
5,0.006253181635338879,0.9993972484097307,0.9885544038506096
